Any,sexe,Suma de pacients,Total
2016,Hombre,50.348317018010135,60999.0
2016,Mujer,49.651682981989865,60155.0
2017,Hombre,49.90915397575237,60432.0
2017,Mujer,50.090846024247625,60652.0
2018,Hombre,49.65250189502909,54368.0
2018,Mujer,50.34749810497091,55129.0
2019,Hombre,49.75797688432283,50370.0
2019,Mujer,50.24202311567717,50860.0
