,sexe,Suma de pacients,Pacientes base 100
0,Mujer,442916.0,46.85023170405347
1,Hombre,502471.0,53.14976829594653
